alias,canonical
booking,booking.com
booking.com,booking.com
airbnb,airbnb.com
airbnb.com,airbnb.com
expedia,expedia.com
expedia.com,expedia.com
skyscanner,skyscanner.com
kayak,kayak.com
tripadvisor,tripadvisor.com
trip advisor,tripadvisor.com
hubspot,hubspot.com
hub spot,hubspot.com
hubspot.com,hubspot.com
salesforce,salesforce.com
salesforce.com,salesforce.com
pipedrive,pipedrive.com
pipedrive.com,pipedrive.com
zoho,zoho.com
zoho crm,zoho.com
zoho.com,zoho.com
monday,monday.com
monday.com,monday.com
nike,nike.com
nike.com,nike.com
adidas,adidas.com
adidas.com,adidas.com
asics,asics.com
asics.com,asics.com
new balance,new-balance.com
new-balance,new-balance.com
new-balance.com,new-balance.com
hoka,hoka.com
hoka.com,hoka.com
hoka one one,hoka.com
brooks,brooksrunning.com
saucony,saucony.com
mizuno,mizuno.com
puma,puma.com
